{
    "limits_4326": {
        "xmin":-80.4,
        "xmax": -60.6,
        "ymin": 44.6,
        "ymax": 52.6
    },
    "limits_testing_9_chunks": {
        "xmin":-70.4,
        "xmax": -69.8,
        "ymin": 50,
        "ymax": 50.3
    },
    "limits_testing_training_chunk": {
        "xmin":-70.4,
        "xmax": -70.355,
        "ymin": 50,
        "ymax": 50.045
    },
    "limits_32198_old": {
        "xmin":-8953229.45098,
        "xmax":-6750696.01502,
        "ymin":5559313.031810002,
        "ymax":6900707.257190002
    },
    "limits_4326_old": {
        "xmin":-80.42823,
        "xmax":-60.64253,
        "ymin":44.60349,
        "ymax":52.55283
    }
}