{
    "limits": {
        "xmin":-8953229.45098,
        "xmax":-6750696.01502,
        "ymin":5559313.031810002,
        "ymax":6900707.257190002
    },
    "4326": {
        "xmin":-80.42823,
        "xmax":-60.64253,
        "ymin":44.60349,
        "ymax":52.55283
    }
}